feature,num_unique_values,unique_values,value_counts,total_values_count
Audio Evidence,2,"[True, False]","{True: 7008, False: 3984}",10992
Image/Video/Visual Evidence,2,"[True, False]","{True: 6221, False: 4771}",10992
Haunted Places Date,1108,"[""['1901/01/01']"", '2025/01/01', ""['1970/01/01']"", ""['1800/01/01']"", ""['2025/10/01']"", ""['2007/03/01']"", ""['1977/01/01', ' 1970/01/01']"", ""['2008/03/01']"", ""['2001/01/01']"", ""['2025/01/01']"", ""['1920/01/01']"", ""['2003/10/01', ' 2004/02/01']"", ""['2005/08/01']"", ""['1994/01/01', ' 1936/01/01']"", ""['1600/01/01']"", ""['1990/01/01']"", ""['1903/01/01']"", ""['2003/11/01']"", ""['1801/01/01', ' 2025/06/01']"", ""['1924/01/01', ' 1901/01/01', ' 1950/01/01', ' 1920/01/01', ' 1930/01/01', ' 1950/01/01', ' 1979/01/01']""]","{'2025/01/01': 7760, ""['2025/01/01']"": 188, ""['1901/01/01']"": 163, ""['1800/01/01']"": 132, ""['1970/01/01']"": 78, ""['1980/01/01']"": 75, ""['1950/01/01']"": 74, ""['1801/01/01']"": 67, ""['1960/01/01']"": 66, ""['1920/01/01']"": 50}",10992
Haunted Places Witness Count,27,"[16, 5, 1, 0, 14, 10, 6, 12, 18, 3, 8, 4, 2, 15, 21, 11, 17, 7, 9, 22]","{0: 4446, 1: 4429, 5: 772, 6: 428, 10: 191, 4: 191, 2: 102, 12: 97, 3: 78, 8: 62}",10992
Time of Day,5,"['night', 'Unknown', 'morning', 'evening', 'afternoon']","{'Unknown': 5372, 'night': 5312, 'morning': 178, 'evening': 93, 'afternoon': 37}",10992
Apparition Type,8,"['Several Ghosts', 'Unknown', 'Female Ghost', 'Orb', 'Male Ghost', 'Child Ghost', 'Ghost', 'UFO']","{'Unknown': 5379, 'Several Ghosts': 2310, 'Female Ghost': 1387, 'Child Ghost': 980, 'Male Ghost': 589, 'Orb': 292, 'Ghost': 48, 'UFO': 7}",10992
Event type,8,"['Murder', 'Fire and Destruction', 'Unexplained Movements and Physical Manifestations', 'Violent or Tragic Deaths', 'Sounds and Noises', 'Ghostly Sightings', 'Mysterious Occurrences', 'Object and Environmental Manipulation']","{'Unexplained Movements and Physical Manifestations': 2422, 'Ghostly Sightings': 2357, 'Violent or Tragic Deaths': 1381, 'Sounds and Noises': 1067, 'Murder': 918, 'Object and Environmental Manipulation': 521, 'Mysterious Occurrences': 453, 'Fire and Destruction': 218}",9337
Alcohol Abuse Total Death of that State,49,"[4548.0, 5703.0, 15443.0, 2760.0, 1407.0, 2186.0, 3670.0, 2482.0, 2104.0, 714.0, 433.0, 2278.0, 2208.0, 5739.0, 3008.0, 347.0, 4452.0, 2206.0, 1146.0, 6701.0]","{15443.0: 1070, 10647.0: 696, 5703.0: 649, 4548.0: 529, 5739.0: 477, 6701.0: 459, 5151.0: 395, 2206.0: 370, 2960.0: 351, 2760.0: 342}",10976
Alcohol % Under 21,25,"[2.6, 2.7, 2.5, 1.9, 3.6, 2.0, 2.8, 3.2, 1.7, 3.9, 4.1, 2.2, 3.1, 2.3, 1.8, 3.5, 3.4, 3.0, 1.5, 2.4]","{2.5: 1239, 2.6: 1218, 2.7: 1019, 2.3: 860, 2.0: 720, 4.0: 696, 3.1: 637, 2.8: 612, 3.7: 603, 3.5: 395}",10976
Alcohol Number of Deaths Under 21,46,"[118.0, 154.0, 386.0, 52.0, 51.0, 44.0, 103.0, 79.0, 59.0, 12.0, 17.0, 93.0, 86.0, 149.0, 66.0, 9.0, 138.0, 60.0, 36.0, 134.0]","{386.0: 1070, 426.0: 696, 154.0: 649, 118.0: 529, 149.0: 477, 134.0: 459, 180.0: 395, 60.0: 370, 101.0: 351, 52.0: 342}",10976
Sunrise,422,"['13:14', '13:06', '13:04', '13:08', '13:01', '13:13', '11:41', '12:19', '13:11', '13:12', '12:14', '13:10', '13:09', '13:19', '13:02', '14:00', '13:03', '13:16', '13:17', '11:30']","{'12:18': 160, '12:20': 146, '12:22': 142, '12:21': 140, '12:26': 133, '12:27': 121, '13:29': 119, '12:19': 118, '13:20': 118, '12:23': 115}",9724
Sunset,356,"['22:18', '22:17', '22:16', '22:08', '22:21', '23:24', '23:33', '22:14', '22:03', '22:13', '23:25', '22:19', '22:10', '22:11', '22:12', '22:46', '23:15', '00:54', '22:02', '22:28']","{'00:54': 210, '00:53': 134, '22:31': 130, '00:55': 130, '22:40': 124, '22:32': 122, '22:28': 118, '22:26': 115, '22:42': 104, '22:12': 100}",9724
Daylight Hours,381,"[9.07, 9.18, 9.2, 9.17, 9.12, 9.13, 11.72, 11.23, 9.05, 8.85, 9.15, 11.18, 9.02, 8.77, 9.08, 9.0, 8.95, 11.75, 14.48, 9.1]","{9.93: 262, 9.92: 192, 9.32: 178, 9.22: 172, 9.35: 168, 9.23: 161, 9.13: 158, 9.5: 157, 9.17: 157, 9.08: 156}",9724
ZIP Code,5783,"['49301', '49220', '49221', '49224', '48001', '49010', '48801', '49707', '48105', '48197', '49756', '49014', '48706', '49615', '48124', '48809', '56352', '48111', '48002', '49307']","{'20770': 20, '78205': 18, '17325': 16, '70116': 14, '92501': 14, '78041': 13, '32084': 13, '78040': 13, '05401': 13, '32765': 13}",9240
Median Household Income,4120,"[168135.0, 64653.0, 56640.0, 51283.0, 63272.0, 68649.0, 53601.0, 48094.0, 93203.0, 67521.0, 47208.0, 64291.0, 58211.0, 72065.0, 76889.0, 63424.0, 64231.0, 71090.0, 87000.0, 50573.0]","{59593.0: 55, 151224.0: 43, 55710.0: 37, 60440.0: 33, 66292.0: 32, 60928.0: 31, 71673.0: 28, 71736.0: 26, 94365.0: 25, 114230.0: 24}",8389
Unemployment Rate (%),1155,"[1.29, 5.11, 5.96, 11.76, 5.19, 3.35, 6.08, 7.27, 2.35, 7.02, 8.5, 5.41, 4.56, 4.59, 5.33, 5.95, 1.84, 8.46, 5.27, 5.72]","{0.0: 237, 6.55: 74, 5.79: 68, 5.59: 52, 3.71: 49, 5.87: 45, 5.85: 45, 4.21: 43, 5.17: 41, 5.02: 40}",8475
Median Age,448,"[41.8, 39.7, 39.6, 31.7, 51.3, 39.4, 36.0, 48.0, 30.1, 32.1, 57.8, 42.6, 44.6, 60.1, 39.3, 40.4, 42.4, 40.5, 47.3, 30.7]","{37.9: 131, 35.4: 99, 33.9: 93, 34.7: 91, 35.1: 87, 38.0: 84, 34.1: 81, 39.7: 79, 35.3: 79, 41.0: 76}",8475
image_id,9656,"[1767260660420741.0, 3034116946811767.0, 2921413078113972.0, 4601024969925881.0, 1433766513635031.0, 1427231224299962.0, 2982684905300478.0, 7253153958147101.0, 4339329762768588.0, 1504669403266152.0, 1860282434149351.2, 288856376059510.0, 1169740686772683.0, 1840359372983111.2, 2958367724442195.0, 4650734564940008.0, 1977128319415618.0, 1982793788535508.0, 2185670348448070.0, 2609301196040819.0]","{1818221468349211.2: 6, 1530979130899419.0: 6, 1617559871967953.0: 6, 1542956199439196.0: 5, 1377488319423242.0: 5, 2975402849451062.0: 5, 3878263818876577.0: 5, 2910920335820225.0: 5, 3467261386924878.0: 5, 1636439456891839.0: 5}",10691
image_url,9671,"['https://scontent-lax3-2.xx.fbcdn.net/m1/v/t6/An8wP0gKkzpYul6iA4ihgqQ1LqjIRxl5Vcv_77TIg28MD45SZBkpUj9yZ6DxXZA9jzJrsuylYnBdxBJwtuGhQqTCAP7RVgNZ33XAo-Wxtn-BEWuMw7E3uqMwf1kaRW5I3gHTwPD9FZvirsB34aQrRw?stp=s1024x512&_nc_oc=Adj2Tz3zwer6y2u1fvJTZXqnRtFqyLYPK1FxmP1qISGsZAvnFqJeMikCVz5yyiWVorA&ccb=10-5&oh=00_AYD8Ch5F6IKbh2uK4kbOoQ2oaXK07ROngZkwsm-ISkWx0g&oe=67F07F29&_nc_sid=201bca', 'https://scontent-lax3-2.xx.fbcdn.net/m1/v/t6/An8dwagDonu4j1ia-RNCLD93C-8Jtkv2uiKtofXepDRE-Wd8wU8pBN-mT68YbY2Hx4VNH8cCV7UD9dgP0tMCDJdmL3zS6_yGux4bM31wD-orxIBlCfsEhY7OxMyiVQn42MVJWLfG14kxjDlbFbNqtiA?stp=s1024x576&_nc_oc=AdjjvMjeI0ZmZVKDnIAZu3Hl8hygghWWuNfFHfImWHrLR20-td4QbytB_paT_cYuNe0&ccb=10-5&oh=00_AYB9N_QB5JH60lWee1eFwbsOPHg8MeQtbzFa6LyrYNoWbg&oe=67F06692&_nc_sid=201bca', 'https://scontent-lax3-2.xx.fbcdn.net/m1/v/t6/An_Q-2KjgI5Hb5EkqHEl-9Xa-Vt4hrCPKmvhPJyhSzqQjP5DYPvgkY96DnisAZykXMZHK7_laS6f1oUx-iYLMjEycq3gNyGJd-K8draCfYUZ1eHuieCuI05JeptPnr38OOn28Mc2u4wwDTfhXTfdKKE?stp=s1024x398&_nc_oc=Adi-yZczYphLO2ugc1LRXaTz-rUtb9jTsTSdYlU51IXWnTQMLrPfTkEkPT5pqdLjkIs&ccb=10-5&oh=00_AYBxzA_H0WKC9OsradxQHsQ1Os8P8HsW79htju9hj9Jfbw&oe=67F08C39&_nc_sid=201bca', 'https://scontent-lax3-2.xx.fbcdn.net/m1/v/t6/An8KP_zLWswcZT6RNyBR6uVgGLCTLsIhfwEC4Rh9luG92yQzVLR2nTyGs5I2VJGYhg1qRHKbSnCjPDrpbEHbDX5Kzue455okuZT_YKg0UJWxxgSt1WE90Audt79Swj_Dpr1vJblxQonylYoGy3mFMg?stp=s1024x768&_nc_oc=AdhwkypqEsJZ1yDs3l_SROoQvyOZYk4odFB5w1pMSNciPCic0Vq5HTX_KONQ_pNkRHI&ccb=10-5&oh=00_AYBvI7Rw7XJwPUxhF9BSYlvpF--e5AKHDEMsY-LfuXhbSg&oe=67F06846&_nc_sid=201bca', 'https://scontent-lax3-2.xx.fbcdn.net/m1/v/t6/An9tLxsee5I5TGcTb7balT_62kE8CB6rL4TrlL4PQc34EqVZXBWBCixSiPeefOs8vAmBwPrPCrov9YPpgCbct3TvZOGv9V-IultQ-EynboAqyRr3oQtF_3D0s_w1nMfWVPUExlyqzdI_aYzoCN7xtPg?stp=s1024x768&_nc_oc=AdhcTCHwbPPqWg4kgLOig5-8sVgXRt4yq8xrX0hIOJPXgfwrcHgQQIrXOKX8rAjRep8&ccb=10-5&oh=00_AYCerL8wonHu1nqTAGaou5H4cug8u3_XLk5JEUKb_1bI2w&oe=67F061C6&_nc_sid=201bca', 'https://scontent-lax3-2.xx.fbcdn.net/m1/v/t6/An8TxHDlRuzj4ZPGM-a7PzFDiztFWz0ZAbbQ9KLaUj05e5wyFczcbEUqeXY7VI4jGVirQdnz2qr1mpz3iIAnUDhQJ7bw97An0_yv_Nac5GSBtO89eDX--OFPlIPP6Mqc5fIP3J7WbPT9vst3c3GdMw?stp=s1024x576&_nc_oc=AdjPrhr_XQy6wynMYAFyazWDOB3QDk2zYhNulU0by3EuQt-scKvgMTqu-AVTZSClNn4&ccb=10-5&oh=00_AYAMHCWuI4MpbV3MF3B099U6RaDsQxxRKIPOeZWlzIf-pw&oe=67F07A32&_nc_sid=201bca', 'https://scontent-lax3-2.xx.fbcdn.net/m1/v/t6/An-zYZuQn1IXWFpEAReYHE_E8jARRb7F5GgIiyld10cSmJ6DBUJyHlHkPQNVB1g_dA3wXvLFNDn3r_HFenSKhD8UqUHgvN_Pe6p9dweTcMlR9uiH4ZJK7FgfcRu9PE9Xf3Ig-pdt-LUD06BKek6iJw?stp=s1024x576&_nc_oc=AdiLCYibPGFYED22dBSXgzGmiLNDxgaIoC2RlHFBolx0ZpccAyrS-dg2dFmnqXsSwKw&ccb=10-5&oh=00_AYCpZ2R4umsbcFGwICd18FdMwLj8r75lBii_E8gVGd3ygA&oe=67F060C8&_nc_sid=201bca', 'https://scontent-lax3-2.xx.fbcdn.net/m1/v/t6/An_Ukq82lWy6kvYHentkMuccrO_wVj8v5olvRVqbRgKHrAVhI1y4BatzqdaH-oP1DULaKXzH4r3NafnKh_51xOxE5RIHh6oxna_LhF3cqelvCzgLrLrLu5DY78IoBuqp-eEKKL2GnyBFZq4CaRGi9Q?stp=s1024x512&_nc_oc=Adi56GGA_ndV1qn2v_hB8Wjh00mKYjg8qSqCbiZ5hzAoxMxo1gAqIR6drJZkCSaGdfs&ccb=10-5&oh=00_AYAqO1k9ro4G1eCk-mUVdIl9R66-OySQ5gDNOpAEP5QX3A&oe=67F06FC3&_nc_sid=201bca', 'https://scontent-lax3-2.xx.fbcdn.net/m1/v/t6/An-jrdGwVEOqLspFL-mKcdOWd47Cieamlejw8hyLoFKSHG5B25FjV1rW2_2yNsQRIlfGNs5FlG8CJuP0ELGIxqb2N0GprOKu-YtEJDC6TklEdU_vMU0cswn916l1nCPhWR7uJcCEngEiNtUWWC8P3Q?stp=s1024x576&_nc_oc=AdgXdGw9dWPmkscQ3ambzzdh69ss6c4z2vsCp5IEzT__U_OJKzCbw4nngmQHhw5koo4&ccb=10-5&oh=00_AYCxKJMN_GKJ3TgFY44QgAgrOgdAZDyUMmfQNeAawr8qNg&oe=67F09164&_nc_sid=201bca', 'https://scontent-lax3-2.xx.fbcdn.net/m1/v/t6/An_uBlJ2evAVnqj5XSEifLaPFP8MWCFa6zzW0NNY82PYbi_Zuwo6ZNclhwknOSW2d-3qhiCtsTSiG0ZJWD3OBhHnPwOX8uKNv-txUfVVwR_AEIZ8SnuEL1YrIG9qdprD8Ijlfw2Y_aLiTq10uewJfA?stp=s1024x576&_nc_oc=AdgINiDSb1N90Px0_2B-gK-GosRCnDfz4BnfG0OOdoF_D5wewP37WyWZ8b3UUP-tqKk&ccb=10-5&oh=00_AYBp7Se_cBfZkLm6OZs6vNh5FJIaakAtRIr8VqOVnqCQ2g&oe=67F05E44&_nc_sid=201bca', 'https://scontent-lax3-2.xx.fbcdn.net/m1/v/t6/An-d4X0YxEQo-ZfPwXKbpYmbfuYipIpcxqMGtj-7az8fQ4cKHJIL3worLYDsjJNknezuNSQCDYTMXbXtqVYNiJRyF03fhjXSMn2SA4NXPIINMRPzlcUFzgdk9-3bGPhwVeiLbGwSkRcA2Yy3t4jJMg?stp=s1024x512&_nc_oc=AdiPenKB7n2MjctyaWWaA0Ym52uNG-asi_9IjHlNaH-rWCdgKInhmiR7BGccNMh4LfY&ccb=10-5&oh=00_AYAp8EfFOxy-98piZguaUe4OLpZ9nKxsF5PHl86R3uk-Yw&oe=67F0856B&_nc_sid=201bca', 'https://scontent-lax3-2.xx.fbcdn.net/m1/v/t6/An-AzYbVTOHdYEHs5xoqSBY2YlKob1m4_2HosPvCBsxfu6sQigAzXSo5-UTA8uQ50nhwHa7Q6t81kjIUEAREDlC25avC4aibgzZzQ4Z31TreSXph48jgaIzHZjg8cbGWRb_fR9j5wjOaz069faDNdA?stp=s1024x576&_nc_oc=AdhlsP-_TjQ5jtjzAeKn9SkDi197gcEoKzLb4Ix7rNV0Wvi4bAlA03CwzR_QEEAoy_4&ccb=10-5&oh=00_AYBH48850RXKz-vJn7_ECueaXnkuKL4-uqSR7R7TitUISA&oe=67F07804&_nc_sid=201bca', 'https://scontent-lax3-2.xx.fbcdn.net/m1/v/t6/An8sAaIac6rYMoM_nqYKs34VpKuhxryILRcIsKiENA3RZagxsLOSJDcEirHhqwHXMX9NrIdotFRAG91SMqMMk0_pV9UagfJwPJRcHsha2qwKXXMHPrvc9RDsiHrenChuEnWMG5oV1fO18YDTmj73GA?stp=s1024x576&_nc_oc=AdhvtP-ktIMrFWpiSjaiqxlZZV-R6rfTLJy2cwS7LuvL72WWACWjRq_j3sNKLADEHYE&ccb=10-5&oh=00_AYCbbIhhO9ZH8vIiFOlGuho2Nx68hmHphFe__1iu13luGg&oe=67F066EB&_nc_sid=201bca', 'https://scontent-lax3-2.xx.fbcdn.net/m1/v/t6/An86Rn8Se21XiK3SoDHkLsrx3cSPgBJxZDsb83VKbnyDU5AMw8SMKDRWMqfFqxtJZl0wfHwhj6FdBCX005LF9wr0-MIn-i_rp6TbUFTfpfEfFOZUwXyug4c-SMXoCx5mAC2iQSg2wwmrdgOoe-xvRUg?stp=s1024x576&_nc_oc=AdjDm0gib-ZfNuhkbyG26moyrUV-KOC_nqmVu95bYye1g3ujC-9GwupU2in0ixUL4jk&ccb=10-5&oh=00_AYCTMC7YKvDAeFl-R5h7jglYr0uzgH2hDByWKvdUwMiNow&oe=67F07D84&_nc_sid=201bca', 'https://scontent-lax3-2.xx.fbcdn.net/m1/v/t6/An8A7gtcvKMNocaJWrxOViTEC5Xtg6bo3hmel82OUNroIMbKPt6acTL3a4vhYCUhB6PxLP6h2bhIweANjCQXuHU_C1hbz_bAXm-6tj3JyDV4TVYK9Yu-ZoEDxybvqKNEflczW3TAjINcnpP7nwviow?stp=s1024x576&_nc_oc=Adgb6UOtN2fsLOOKHIISKrOsfZklUV8u0vJrfzSbw8GFEJUp1XCmhx1--kfS7sAraq0&ccb=10-5&oh=00_AYBLqBZ8c5_rIonNzfRCdB7KjH0k5X8keJDPP7t3bhnVOQ&oe=67F06327&_nc_sid=201bca', 'https://scontent-lax3-2.xx.fbcdn.net/m1/v/t6/An_-RwYC9wjIJ6vNORuwkpxqGmDNEE6n8X5EfdJyhSXHNcd7oYgUTCGhd7XJyGp6icvoVCpDSZyWPaZuyMn5b2sXELqhbxfWXn-qk6z1dKBAOmfup0D3_mPocqs7MXNzo_hLlWXqgZLtZDsG0OjHDg?stp=s1024x576&_nc_oc=AdiS-HNBic7TTxslCHQABX2E5PMSD-H62_gEDgnmvO_cykLu_9YOQrfWgqdJBbdVnnI&ccb=10-5&oh=00_AYAy1t-v9FxVEuZqgo9qP1sTGFW-ciymCq8noRmLMXOriw&oe=67F0865A&_nc_sid=201bca', 'https://scontent-lax3-2.xx.fbcdn.net/m1/v/t6/An_bZP_OFjZPzAVRwruh0cAMkfN9k2sSnnRXJzMqLiHsJF9wwnUEz5SHyM6peLc3UV0Py1Ql1BKApf_NVDjW8MojERAfhNO3NmueMopYgLslmEPjsdD1yNBRDMHXWSYpyXMiS4DMmb6ktKo2akbBx2c?stp=s1024x512&_nc_oc=AdiH7vAafoQ-RNN_m0zZ1TdEkTY7PHETvs8wv7vXM5Q-81a5gdpPJP7ubPQyj-wqKKA&ccb=10-5&oh=00_AYC3Bs9896RB_IqD-B-oyX8JVeqBArzCzxF0hMusGXotgQ&oe=67F07747&_nc_sid=201bca', 'https://scontent-lax3-2.xx.fbcdn.net/m1/v/t6/An9XsccGh7ek9kAtG7jB1-rGv23psxsy4l2BpxzvyL9aWi-ms-8TLMonZbtENKvx5JlT4zwb3TXD1RSJ-qW7CB-ogixkeRqfvzFj-AISe3Q5Ma61R0dAElL7jQvWPRKxq0keZInJxwhRPJYdMtLoDg?stp=s1024x576&_nc_oc=Adj-EnhN_cADoxFQKvYfUPPZPCrhdYHszDY1l6vK6rL1THuIUhQmrHivQpOauuDEFWQ&ccb=10-5&oh=00_AYBW3XUHhU6WvPH98ke7vFICVFtgo4CTh41gv1YS52teAw&oe=67F05B3F&_nc_sid=201bca', 'https://scontent-lax3-2.xx.fbcdn.net/m1/v/t6/An-3nhvgpq-FmAJP_PRc8ShBT2zuisT7Stw8_lTg1_0LBK2-EshVRMv8WO__JnnnUAsLyJvSkWWTMEMXu6zDgPzWwF6H9J9mPKYQNdoRUpeb7oE0Y7_yE_nusZ_8vRV8iot7IF47OKo1OXrrYZcRwy4?stp=s1024x768&_nc_oc=AdgmvB0URRNtR7l0DsS9k-gTjVPDagfN3LZ1DzWBpCzYnU0scOkE05OckR0W1yG_B90&ccb=10-5&oh=00_AYBnQW-lrdIpl9NmpyY1j5KsUU4wGvWNMSBNRhbR36cbRA&oe=67F08A1E&_nc_sid=201bca', 'https://scontent-lax3-2.xx.fbcdn.net/m1/v/t6/An8QlHVDDruFgB9l6BLYwVKCb-HEU0FjH3twBOgLgURrFeXzYREp907sl93YSOEVy3c0-i9Kq1oGBuKtxKWr8hav8gklBXw1xVuOP-SehZtTca3Nvpf1qX6rac7fF_0igQ2n7xEpwu-YUJge2LlnXA?stp=s1024x576&_nc_oc=Adiw8L4-snc2NY4z9KjdBUCH_TezlqnPSSQBFYSbvfBj0NokMqzUuDOJigqgIE2eZMw&ccb=10-5&oh=00_AYCNR5G9x52nCcsd3hnaZTkmgtCvT8LUE_wOFDKg0OMEQA&oe=67F062BA&_nc_sid=201bca']","{'https://scontent-lax3-2.xx.fbcdn.net/m1/v/t6/An_5ko7YnV8ERzC7XK9jCnEyY6UysQ-6aILNiTDNKQOG8CHLh5Yztfb2M72fZG8iSRYAdh4X_BI_sqcC57hZiJORLQCeK-evi4N6i5Nk5bkIy-RFaULstHWWUCTeY3aghsYcw_1vZNZCftCJnAX9vSg?stp=s1024x768&_nc_oc=AdgR5c0E8Fh7f48Op4y1IpyUvzKmFL-A-Jrlgku4tKabuc-ByLEbzkmtkFHhItg8G_c&ccb=10-5&oh=00_AYDfbp9Q5B8KNbChiyaPjQM5sojdxyMPViXdHxRih-BbRQ&oe=67F08675&_nc_sid=201bca': 6, 'https://scontent-lax3-2.xx.fbcdn.net/m1/v/t6/An-CkL_ObpnNuheoDIFYUAUrWebGcBNiQ4QST2u6ldM06nYjRZ1_VuAXD9EMkJJ1lrLYhPoXoC8-S8VXbfqDxMKnWVYyuDFo_KFjvX86DtePCg6iAImDvifGHwYMCk72X4xxTTbG6GzH4_wvphbcfA?stp=s1024x768&_nc_oc=AdgJh3kWdEinwRkZrS-WaXOnyzuVmJJOHkcPPzxC7iRsdtErQwHfsjBsDftoIdZG8Sc&ccb=10-5&oh=00_AYATjsfi_TIuliSTMyjPtG35CJMOSZtlPSuzGcI3ohNrTQ&oe=67F08078&_nc_sid=201bca': 6, 'https://scontent-lax3-2.xx.fbcdn.net/m1/v/t6/An_3C5V_AS2wVbTu1cbykYx_xyEFRcJKcJUKEMNZmX23aesEbFAamV1ENhTE9Ii82GkPnIw8BWML2dcfH8YMG22PT12Wa-uxE0WtaDZ-e2NULFsRLZjD-zfJcZzCUcN3wqBQFfHHIL8tuyPUzyubQg?stp=s1024x768&_nc_oc=AdgzpogBNz9E1OS50Bc2E33GMnigJwaIsbVAmNu2i9BLSNSoPYuS3f6csIDi0xvAYwc&ccb=10-5&oh=00_AYA_8h8t1bZiFteW9m6hNDGA_8kxGddtEjF7jmcIrGEgzA&oe=67F07241&_nc_sid=201bca': 6, 'https://scontent-lax3-2.xx.fbcdn.net/m1/v/t6/An_a_eLm02Tk3Jo8nqRSpX-guqV6cbcWXuXd4_shqtgPf3yFJgB2BGuWqmBB-Sw5cADdrv3wug8x9l2Tjv3wc8Oj87LX7UkiyxBDvvRdKDXrjTArJ0t5gWmV-jKueRWxlJFEGjJgCwQ1VpRsXPInpw?stp=s1024x576&_nc_oc=AdgUdhruCIKSqO8UNE0vgo03zrahlNel9ePxAYjX1d83-pPLsAPo3YuSiRvPRP2rhEs&ccb=10-5&oh=00_AYBdb8n5pbUFHj0bDim5Q5lHHILI3NAFoc-WJ9MY87Q8pw&oe=67F09A0B&_nc_sid=201bca': 5, 'https://scontent-lax3-2.xx.fbcdn.net/m1/v/t6/An8e2sG8T-1h0NtiYpgsJ4CRugLrckQ2045hJwdjQks53_xFb85c_g-squgG7bVuANfq8xUIRUD49ANmwYC8ARGoQ3dwEo75pQzuozZxsY6UrAJaTGvAXFJCWGft5Em08wTnpB66mo7P7LlxFsHkVtE?stp=s1024x512&_nc_oc=AdjZneAwHInkTOh0RdOxhHr05zi2YACnhFko0UrQ_RARkiGwZN4aB1AeGZddL1qHO08&ccb=10-5&oh=00_AYB5ZZiq7D9BRa5M2XlBolYxXi9dc9GrvMVsrW2-eQltcQ&oe=67F09059&_nc_sid=201bca': 5, 'https://scontent-lax3-2.xx.fbcdn.net/m1/v/t6/An_Jaw9N78LfNSoVN07UPIZlJ3zH1OQoD86bJRXBstUuxotE3xyO9UjLdu5wcbDuZEXppscXA8oBGJaXPefR-CuDBGKEdv--KyBH2ygBKamHKuh-CHyCe0ADEvYAENsEv7G3LD1IRi1xc11eWwaXfQ?stp=s1024x768&_nc_oc=AdhtQjnNSoWaLbvG8AcUs3t-BFNGgT0WaBlhBVlbdWVo-_jJR-hRronJBIvSRrCO-Eg&ccb=10-5&oh=00_AYBhE7Ff1N8tcsAKNjcvH_EiL5Ofw_svSSLlXk9BTl8U4A&oe=67F0900F&_nc_sid=201bca': 5, 'https://scontent-lax3-2.xx.fbcdn.net/m1/v/t6/An_bRE7FeZ2NCtuGprwp-XJZrod7wHgB9EsSdoVR5mgDOxC79gMB1VdQpIMp-LtLNjQlrENlplDiMrQYXrKm8ZoVSMVLyr8V1AOeHKDWXgFHZ27GP-3eVpVrcZdwqdyRJYtYYVMkKuV_QhH-hIfKzg?stp=s1024x576&_nc_oc=AdjSR3GojubeBH3uofymKL9sSQO7jtHWCS23emM0HVnaJJM9rODZ4fGKv1h2pIGmCDc&ccb=10-5&oh=00_AYDBisWYbAqv1q-bFxcFYbowxlETIhQa83x6k5M3NNYl_Q&oe=67F06683&_nc_sid=201bca': 5, 'https://scontent-lax3-2.xx.fbcdn.net/m1/v/t6/An_iT7Wg_cN3trSnFTwmm2hwkWt4NwK9cdnb4YZyvwFgKZdNsLoUSktds0FJUDpkdTR3fNKWCuK6acei3zPTgjMlWJBfTOhbjazo6aVmFIXRQrvzBveRCmhtOqffADx2Xar_hIlycRY0F44cC-Nbrw?stp=s1024x576&_nc_oc=AdhC6Std1gklglv9uFSVf3z265WaUJ7WyYQjp5lqeabdRK3xylqgRMXmDDZWnlmKASk&ccb=10-5&oh=00_AYBSD70uuVE6-xHl4qfoiLngqkNkdBA3Pqtj_wgUbZXg1w&oe=67F0AAC6&_nc_sid=201bca': 5, 'https://scontent-lax3-2.xx.fbcdn.net/m1/v/t6/An8NGAa20Z1RyWKhH3w0bK8QQ-LxXdF140dPN9v6WQmcdwR6YW9-aaHLAmz5M9RATusjEQJL6U1Yl63a5wmiw90E_ABxzNsdB8BMGgdr_xLAehSna8TMzVxh98cCMdKJa8CPrG8nuu70bKX5ZadJvw?stp=s1024x576&_nc_oc=AdgBE3FIoEUZQovjCpPbf5fzYscJ3bhZpGp-u5PxqQWLZAANH1PP3W6NzlwPV30uGSo&ccb=10-5&oh=00_AYA9_blX92yBL7yC5HmSk6i2eCB6GYPVNg3_e4Teye_tHg&oe=67F06299&_nc_sid=201bca': 5, 'https://scontent-lax3-2.xx.fbcdn.net/m1/v/t6/An851tpo-J4NG340Hrtdi0D6tusLFwFYjFM87uMrPTlnNFDZAYt7J9ywzm4WN0bpj-9JYJeK88LNkXw3jMANOq_RFCI96NGKOUnh0_vCpz52mHLDAp4WzFxEr2MpiEuJA89m6hA88MrDHZY4ymWS2A?stp=s1024x576&_nc_oc=AdgK7nSog0zHjrAecclhhydfaj6YcbEOQQPPrgEk1yt3V6Gc7Q2Rt5Lw6hD8o_ywrzY&ccb=10-5&oh=00_AYDiOycrpAM4db3umIjgWRTCn31xkzeoCorg4mjrsytJSA&oe=67F076F8&_nc_sid=201bca': 5}",10676
image_timestamp,9643,"[1699727916385.0, 1565045725842.0, 1630958271000.0, 1544202232000.0, 1448820572717.0, 1534942303932.0, 1536070505885.0, 1714661477529.0, 1536854927982.0, 1533554448754.0, 1588896000000.0, 1447513669000.0, 1447515260000.0, 1625683593200.0, 1538680683900.0, 1536087687180.0, 1717066365623.0, 1547484780992.0, 1716293462979.0, 1536271805894.0]","{612424860000.0: 9, 1482446026835.0: 6, 1732417033272.0: 6, 1521299307438.0: 6, 1656373752000.0: 6, 1540679880852.0: 5, 1536518295796.0: 5, 1537817471918.0: 5, 1500045119000.0: 5, 1706889621000.0: 5}",10691
image_altitude,9163,"[194.56584567949, 263.92575506773, 276.07609078195, 253.76938322093, 8.4254636680707, 227.7311757151, 315.78445003275, 299.71497130487, 287.86783548072, 182.66844580509, 176.88767115679, 287.95676489174, 217.16406250186, 236.30697312392, 282.87748648506, 223.05906140991, 211.63791507576, 273.61878741439, 273.50400248263, 185.96074178722]","{2.0: 14, 2.0000000009313: 10, 254.94461090863: 6, 235.79679843038: 6, 210.03426414821: 5, 69.539855737239: 5, 10.681574134156: 5, 130.82134870719: 5, 0.58141937013716: 5, 41.606163326651: 5}",10147
image_quality_score,3910,"[0.0, 0.94, 0.16233978132885, 0.32585792182418, 0.23643085137129, 0.71757231990925, 0.6031894934334, 0.37685020164737, 0.92916666666667, 1.0, 0.72455306649208, 0.5346186440678, 0.59008980242673, 0.65731707317073, 0.83159100521641, 0.37307137569166, 0.74418586892091, 0.70476744186047, 0.34586466165414, 0.74861359570662]","{0.0: 3862, 1.0: 149, 0.96878612716763: 129, 0.90566037735849: 56, 0.66951219512195: 55, 0.92307692307692: 51, 0.86976744186047: 45, 0.96666666666667: 29, 0.93157894736842: 27, 0.9050046339203: 26}",10691
State 25+ Population,50,"['6,971,895', '9,161,945', '26,909,869', '4,934,755', '2,037,763', '3,030,635', '4,980,297', '4,273,260', '2,639,889', '1,015,078', '485,779', '3,117,186', '3,451,208', '8,117,973', '6,474,427', '506,739', '395,348', '7,245,632', '3,077,867', '1,942,133']","{'26,909,869': 1070, '19,224,688': 696, '9,161,945': 649, '6,971,895': 529, '8,117,973': 477, '13,987,094': 459, '8,730,697': 395, '3,077,867': 370, '4,559,631': 351, '4,934,755': 342}",10976
State% of High School Diploma,49,"[91.96, 95.89, 84.45, 96.1, 88.67, 91.87, 88.97, 91.09, 88.71, 94.53, 93.31, 86.68, 87.93, 91.74, 90.98, 93.62, 93.59, 89.7, 87.99, 91.89]","{84.45: 1070, 85.39: 696, 95.89: 649, 91.96: 529, 91.74: 477, 88.03: 459, 88.97: 445, 90.17: 395, 87.99: 370, 90.64: 351}",10976
State% of Bachelor's Degree,48,"[31.67, 36.54, 36.19, 50.62, 25.27, 36.33, 32.43, 48.55, 27.92, 35.99, 32.79, 26.45, 27.43, 30.72, 43.1, 31.74, 29.24, 34.91, 26.98, 35.4]","{36.19: 1070, 33.12: 696, 36.54: 649, 31.67: 604, 30.72: 543, 40.9: 459, 37.14: 395, 26.98: 370, 28.88: 351, 50.62: 342}",10976
State% of Advanced Degree,50,"[12.48, 16.94, 14.05, 28.27, 9.37, 13.88, 12.64, 24.16, 9.62, 13.82, 11.91, 9.65, 10.85, 11.79, 17.4, 9.38, 10.72, 13.19, 11.11, 13.39]","{14.05: 1070, 11.9: 696, 16.94: 649, 12.48: 529, 11.79: 477, 17.72: 459, 15.01: 395, 11.11: 370, 10.39: 351, 28.27: 342}",10976
image_gen_prompt,1096,"[""Title: The Eyes of Room 211 Artistic Style: Expressionistic Setting: Old Dormitory, Room 211, 1970's Lighting: Darkness with two bright points of light Time of Day: Night Supernatural Elements: Two bright points of light shaped like eyes that defy explanation, doors opening and shutting on their own, rocking chair moving on its own and shattering a mirror. Description: Enter Room 21"", '""A Night at Kappa Delta Sorority""', '""The Forgotten Motel""', '""Ghostly Whispers and the Pink Room""', '""The Ghostly Encounter at Point Iroquois Lighthouse""', '""The abandoned mansion on the hill, its gothic architecture looming ominously over the town, has long been the subject of eerie tales and ghost stories. As the sun sets and the shadows lengthen, the once grand mansion is bathed in an eerie, blood-red twilight, the colors of the dying day casting an unsettling glow over the desolate grounds. The air is thick with an oppressive silence, the only sound being', 'A dark and eerie forest, with the light of the full moon shining through the trees, casting long shadows on the ground. The trees are old and twisted, and the forest is filled with the sounds of howling wolves and the rustling of leaves. As you walk deeper into the forest, you begin to feel a sense of dread, and the air grows colder. Suddenly, a ghostly figure appears in front of you, dressed in old-fashioned clothing, holding a', '""The Haunting of Berwyn Senior Center""', 'Title: ""Echoes in the Hallway""', 'In the dimly lit basement of the Majestic, the shadows seem to come alive with the ghost of Harry Hudini. As the clock strikes midnight, the old mezzanine is revealed from beneath the large drape, revealing the sounds of a packed audience cheering and screaming. The artistic style of the scene is inspired by the gothic horror genre, with dramatic lighting casting eerie shadows across the walls and floor. The colors are muted and dark, with shades of blue', ""In the eerie glow of the moonlight, a once majestic building stands abandoned, its windows shattered and doors creaking in the wind. The ghosts of the Marion Hall nuns still linger, their haunting presence felt in the icy chill that runs down your spine as you explore the dilapidated halls. As you wander through the dark corridors, you can't shake the feeling that you're being watched, as if the spirits are"", 'In the dimly lit corridors of Williams Hall, the old stone walls seem to breathe with age. The clock tower casts eerie shadows, the hour hand frozen at 12. The old cafeteria, now abandoned, has a life of its own, as ghostly dancers twirl in a never-ending waltz. As you pass by, you feel the weight of history and the whispers of the past. The artistic style is inspired by early 20', '""As the sun begins to set on the horizon, casting a warm orange glow across the fields, an old abandoned railroad track comes into view. The once bustling train tracks now stand empty and forgotten, a relic of a time long past. Yet, as the darkness descends, whispers of the phantom train can be heard echoing through the night. The sound of the steam engine, the clacking of the train cars, and the distant whistle all combine to create', '""The Abandoned Estate""', '""In the eerie silence of midnight, the abandoned asylum comes to life with the voices and sounds of people talking throughout the night. The lighting is dim and flickering, casting shadows on the walls and floors. The old wooden floors creak as you walk down the long, winding hallway, while the wind howls outside. You can hear the distant sound of footsteps echoing in the distance. As you reach the end of the hallway, you see a door that seems to', 'The Haunted Abandoned Asylum', '""Midnight Hitchhiker on Pine Mountain Road""', '""Midnight on Verna Drive: A Haunting in Lambertville""', '""The Old Fort at Twilight""', '""Ghost of Lesalles Griffon: The Straits of Mackinac""']","{'""The Abandoned Asylum""': 5, '""The Abandoned Mansion""': 5, 'Title: Echoes of the Past': 4, '""Ghostly Whispers""': 4, '""Midnight at the Abandoned Mansion""': 4, '""The Haunted Bridge""': 3, '""Midnight Melody""': 3, '""The Abandoned School of Whispers""': 3, '""The Abandoned Mansion at Midnight""': 3, '""The Forgotten Schoolhouse""': 2}",1139
image_gen_prompt_rex,3477,"['A misty night at cemetery, field, woods, road, park. There is a spectral presence resembling a witch searching through the area. The mood is tragic and lost. A past event of murder haunts the location.', 'A clear night at cemetery, house, school. There is an eerie apparition of a child hovering silently. The mood is mysterious and still. A past event of murder haunts the location.', 'A clear night at road, bridge, house. There is a spectral presence resembling a spirit standing quietly. The mood is eerie and quiet. A past event of fire and destruction haunts the location.', 'A clear night at school. There is an undefined ghostly presence standing quietly. The mood is eerie and quiet. A past event of murder haunts the location.', 'A clear night at a mysterious location. There is a spectral presence resembling a entity standing quietly. The mood is eerie and quiet. A past event of unexplained movements and physical manifestations haunts the location.', 'A clear night at cemetery. There is an eerie apparition of a woman standing quietly. The mood is eerie and quiet. A past event of nan haunts the location.', 'A clear morning at woods, road, bridge. There is a spectral presence resembling a demon screaming in agony. The mood is violent and intense. A past event of violent or tragic deaths haunts the location.', 'A clear night at woods, road, park, bridge. There is a spectral presence resembling a orb searching through the area. The mood is tragic and lost. A past event of unexplained movements and physical manifestations haunts the location.', 'A clear night at a mysterious location. There is an eerie apparition of a child standing quietly. The mood is eerie and quiet. A past event of sounds and noises haunts the location.', 'A clear night at a mysterious location. There is a ghostly man with a shadowed face standing quietly. The mood is eerie and quiet. A past event of unexplained movements and physical manifestations haunts the location.', 'A clear night at field. There is an undefined ghostly presence standing quietly. The mood is eerie and quiet. A past event of murder haunts the location.', 'A clear night at house. There is a ghostly woman in a flowing white gown screaming in agony. The mood is violent and intense. A past event of ghostly sightings haunts the location.', 'A clear night at a mysterious location. There is an undefined ghostly presence standing quietly. The mood is eerie and quiet. A past event of unexplained movements and physical manifestations haunts the location.', 'A clear night at a mysterious location. There is an eerie apparition of a child hovering silently. The mood is mysterious and still. A past event of violent or tragic deaths haunts the location.', 'A clear night at cemetery. There is a spectral presence resembling a nun standing quietly. The mood is eerie and quiet. A past event of nan haunts the location.', 'A clear night at a mysterious location. There is a spectral presence resembling a nun standing quietly. The mood is eerie and quiet. A past event of ghostly sightings haunts the location.', 'A clear night at road, house. There is a spectral presence resembling a demon screaming in agony. The mood is violent and intense. A past event of unexplained movements and physical manifestations haunts the location.', 'A clear night at house. There is an undefined ghostly presence standing quietly. The mood is eerie and quiet. A past event of violent or tragic deaths haunts the location.', 'A clear night at a mysterious location. There is a spectral presence resembling a presence standing quietly. The mood is eerie and quiet. A past event of mysterious occurrences haunts the location.', 'A clear night at a mysterious location. There is an undefined ghostly presence standing quietly. The mood is eerie and quiet. A past event of nan haunts the location.']","{'A clear night at a mysterious location. There is an undefined ghostly presence standing quietly. The mood is eerie and quiet. A past event of nan haunts the location.': 396, 'A clear night at a mysterious location. There is a ghostly woman in a flowing white gown standing quietly. The mood is eerie and quiet. A past event of ghostly sightings haunts the location.': 194, 'A clear night at a mysterious location. There is a ghostly man with a shadowed face standing quietly. The mood is eerie and quiet. A past event of ghostly sightings haunts the location.': 186, 'A clear night at a mysterious location. There is a ghostly woman in a flowing white gown standing quietly. The mood is eerie and quiet. A past event of unexplained movements and physical manifestations haunts the location.': 178, 'A clear night at a mysterious location. There is a ghostly man with a shadowed face standing quietly. The mood is eerie and quiet. A past event of unexplained movements and physical manifestations haunts the location.': 173, 'A clear night at a mysterious location. There is a vague, ghostly figure standing quietly. The mood is eerie and quiet. A past event of ghostly sightings haunts the location.': 137, 'A clear night at a mysterious location. There is an undefined ghostly presence standing quietly. The mood is eerie and quiet. A past event of unexplained movements and physical manifestations haunts the location.': 134, 'A clear night at a mysterious location. There is a spectral presence resembling a spirit standing quietly. The mood is eerie and quiet. A past event of ghostly sightings haunts the location.': 121, 'A clear night at a mysterious location. There is an undefined ghostly presence standing quietly. The mood is eerie and quiet. A past event of sounds and noises haunts the location.': 107, 'A clear night at a mysterious location. There is a spectral child wandering alone standing quietly. The mood is eerie and quiet. A past event of ghostly sightings haunts the location.': 94}",10992
image_file_name,10992,"[0, 1, 2, 3, 4, 5, 6, 7, 8, 9, 10, 11, 12, 13, 14, 15, 16, 17, 18, 19]","{10975: 1, 10974: 1, 10973: 1, 10972: 1, 10971: 1, 10970: 1, 10969: 1, 10968: 1, 10967: 1, 10966: 1}",10992
all_image_caption,2893,"['a bench sitting in the middle of a park .', 'a red fire hydrant sitting in the middle of a field .', 'a bench sitting in front of a building .', 'a bathroom with a toilet and a sink', 'a large clock tower towering over a city .', 'a parking meter sitting on the side of a road .', 'a man riding a bike down a street .', 'a train traveling over a bridge over a river .', 'a room with a bed and a window', 'a black and white photo of a person holding an umbrella .', 'a row of benches sitting on top of a sandy beach .', 'a woman in a dress is holding an umbrella .', 'a view of a body of water with a bridge in the background .', 'a street with a traffic light on it .', 'a white fire hydrant sitting on the side of a road .', 'a black and white photo of a pair of scissors .', 'an old barn with a barn in the background .', 'a black and white photo of a building with a clock .', 'a person is flying a kite on the beach .', 'a black and white photo of a street light']","{'a red fire hydrant sitting on the side of a road .': 277, 'a red fire hydrant sitting in the middle of a field .': 141, 'a red fire hydrant sitting in the middle of a forest .': 132, 'a train traveling over a bridge over a river .': 104, 'a view of a city street at night .': 100, 'a clock tower in the middle of a city .': 99, 'a man standing on a beach holding a surfboard .': 89, 'a large building with a clock on it .': 87, 'a fire hydrant in the middle of a street .': 85, 'a park bench sitting in the middle of a park .': 81}",10992
caption_confidence,10992,"[0.0008012934700643, 0.0001259871635064, 7.632595740937495e-05, 0.0001117689764451, 0.000639848390106, 0.0013802154878491, 0.0001056275309502, 0.0069267220261705, 8.722125240923091e-05, 0.0012604496909217, 0.0001337741476569, 2.220752782631209e-05, 8.932340953203838e-06, 2.6258302641201543e-05, 0.0005361646951503, 0.0003087672246077, 1.0007886953681696e-05, 6.355656427756055e-05, 0.0009258149070984, 0.0005588865522905]","{3.432225557582566e-06: 1, 0.0002635835188688: 1, 2.522277994031953e-05: 1, 0.0001140731699478: 1, 0.0009362814729099: 1, 0.0005077117534757: 1, 9.959854470521948e-05: 1, 3.665459386346005e-05: 1, 3.207001533646603e-05: 1, 0.0004416094315691: 1}",10992
all_detected_objects,9124,"['park bench, lakeside, lakeshore', 'birdhouse, church, church building, pedestal, plinth, footstall, mailbox, letter box, brass, memorial tablet, plaque', 'fountain, patio, terrace, dam, dike, dyke, dome, bannister, banister, balustrade, balusters, handrail', 'prison, prison house, vault', 'stupa, tope, church, church building', 'brass, memorial tablet, plaque, mailbox, letter box', 'suspension bridge, bannister, banister, balustrade, balusters, handrail, worm fence, snake fence, snake-rail fence, Virginia fence, valley, vale, picket fence, paling', 'pier, suspension bridge', 'cloak, mosquito net, window shade, lampshade, lamp shade, theater curtain, theatre curtain', 'pickelhaube, military uniform, gasmask, respirator, gas helmet, cloak, cuirass', 'worm fence, snake fence, snake-rail fence, Virginia fence, picket fence, paling', 'gown, overskirt, hoopskirt, crinoline, cloak, groom, bridegroom', 'maze, labyrinth, valley, vale, castle, spotlight, spot, suspension bridge', 'pole, traffic light, traffic signal, stoplight, pier', 'pedestal, plinth, footstall, obelisk', 'cloak, abaya, vestment, gown', 'barn, church, church building', 'picket fence, paling, mobile home, manufactured home, beacon, lighthouse, beacon light, pharos, church, church building, boathouse', 'beacon, lighthouse, beacon light, pharos, lakeside, lakeshore, sandbar, sand bar, promontory, headland, head, foreland, seashore, coast, seacoast, sea-coast', 'shower curtain, spotlight, spot, lampshade, lamp shade, fountain, groom, bridegroom']","{'church, church building': 145, 'spotlight, spot': 86, 'picket fence, paling, worm fence, snake fence, snake-rail fence, Virginia fence': 82, 'fountain': 51, 'barn': 42, 'picket fence, paling': 40, 'lakeside, lakeshore': 37, 'abaya, cloak': 33, 'church, church building, barn': 31, 'barn, church, church building': 31}",10992
objects_confidence,10992,"['0.9579096436500549, 0.023331966251134872', '0.24626432359218597, 0.21469081938266754, 0.07104882597923279, 0.06550969183444977, 0.054783858358860016', '0.3035092055797577, 0.13816800713539124, 0.08944983035326004, 0.07341767847537994, 0.06949031352996826', '0.8892980217933655, 0.018101204186677933', '0.7490359544754028, 0.18347129225730896', '0.8523898720741272, 0.01773463934659958', '0.319591760635376, 0.19829204678535461, 0.04552280157804489, 0.04379860311746597, 0.03017187863588333', '0.837352454662323, 0.06288749724626541', '0.3355634808540344, 0.0747288390994072, 0.064914770424366, 0.041709985584020615, 0.03947875276207924', '0.5982204675674438, 0.04122960567474365, 0.02506537362933159, 0.022785723209381104, 0.02088860794901848', '0.7757339477539062, 0.12787878513336182', '0.28527534008026123, 0.10570994019508362, 0.09648775309324265, 0.08728533983230591, 0.05019569769501686', '0.2682325839996338, 0.14934952557086945, 0.08292512595653534, 0.042441267520189285, 0.026525868102908134', '0.46676701307296753, 0.3893466293811798, 0.033701423555612564', '0.8120558857917786, 0.16766512393951416', '0.5587745308876038, 0.15904894471168518, 0.09205814450979233, 0.018424194306135178', '0.8667960166931152, 0.057107336819171906', '0.6691746711730957, 0.10386063903570175, 0.051287952810525894, 0.029678279533982277, 0.02634725160896778', '0.23268090188503265, 0.18940219283103943, 0.103104367852211, 0.09239162504673004, 0.05601532384753227', '0.3088549077510834, 0.09295938909053802, 0.059146370738744736, 0.05593458563089371, 0.022964276373386383']","{'0.6378534436225891, 0.06419001519680023, 0.024370253086090088, 0.023606305941939354, 0.021573076024651527': 1, '0.7644330263137817, 0.17142927646636963': 1, '0.4292220175266266, 0.058534957468509674, 0.022478614002466202, 0.020609965547919273, 0.018849017098546028': 1, '0.5714718699455261, 0.11930225044488907, 0.09418986737728119, 0.018845131620764732': 1, '0.629723846912384, 0.3207162618637085': 1, '0.7315004467964172, 0.08080259710550308, 0.05286198854446411, 0.025800125673413277': 1, '0.5207626223564148, 0.20467981696128845, 0.05920542776584625, 0.01867901347577572': 1, '0.6641232371330261, 0.07471952587366104, 0.041443366557359695': 1, '0.9143152236938477': 1, '0.12612943351268768, 0.09844652563333511, 0.09643799811601639, 0.07412469387054443, 0.05900980904698372': 1}",10992
image_generation,5498,"['../data/generated_images/haunted_place_0.png', '../data/generated_images/haunted_place_1.png', '../data/generated_images/haunted_place_2.png', '../data/generated_images/haunted_place_3.png', '../data/generated_images/haunted_place_4.png', '../data/generated_images/haunted_place_5.png', '../data/generated_images/haunted_place_6.png', '../data/generated_images/haunted_place_7.png', '../data/generated_images/haunted_place_8.png', '../data/generated_images/haunted_place_9.png', '../data/generated_images/haunted_place_10.png', '../data/generated_images/haunted_place_11.png', '../data/generated_images/haunted_place_12.png', '../data/generated_images/haunted_place_13.png', '../data/generated_images/haunted_place_14.png', '../data/generated_images/haunted_place_15.png', '../data/generated_images/haunted_place_16.png', '../data/generated_images/haunted_place_17.png', '../data/generated_images/haunted_place_18.png', '../data/generated_images/haunted_place_19.png']","{'../data/generated_images/haunted_place_5499.png': 1, '../data/generated_images/haunted_place_0.png': 1, '../data/generated_images/haunted_place_1.png': 1, '../data/generated_images/haunted_place_2.png': 1, '../data/generated_images/haunted_place_3.png': 1, '../data/generated_images/haunted_place_4.png': 1, '../data/generated_images/haunted_place_5.png': 1, '../data/generated_images/haunted_place_6.png': 1, '../data/generated_images/haunted_place_7.png': 1, '../data/generated_images/haunted_place_8.png': 1}",5498
image_caption,2009,"['a statue of a woman sitting on a bench .', 'a row of park benches sitting next to each other .', 'a city street at night with a red light .', 'a view of a street light and a clock tower .', 'a red fire hydrant in front of a building .', 'a woman standing next to a statue of a man .', 'a fire hydrant in the middle of a forest .', 'a red and white fire hydrant in the snow', 'a bathroom with a toilet and a sink', 'a group of people standing outside of a building .', 'a red and white fire hydrant sitting on the side of a road .', 'a building with a clock on top of it .', 'a church with a steeple and a clock tower .', 'a clock hanging from the ceiling in a room .', 'a tall building with a clock on it .', 'a clock tower in the middle of a park .', 'a white house with a white door and a red door .', 'a bathroom with a shower and a toilet .', 'a white toilet sitting on top of a grass covered field .', 'a clock tower in the middle of a city .']","{'a building with a clock on the side of it': 88, 'a building with a clock on the top of it .': 82, 'a bathroom with a toilet and a sink': 77, 'a living room filled with furniture and a fire place .': 73, 'a living room with a couch and a table': 72, 'a red brick building with a clock on it .': 61, 'a red fire hydrant sitting in the middle of a field .': 59, 'a red stop sign sitting on the side of a road .': 57, 'a building with a clock on the side of it .': 56, 'a large building with a clock tower on top .': 53}",5498
detected_objects,4349,"['cloak, abaya, hoopskirt, crinoline, overskirt, gown', 'parallel bars, bars, shovel, turnstile, bannister, banister, balustrade, balusters, handrail, church, church building', 'flagpole, flagstaff, spotlight, spot, safety pin, pole', 'digital clock, spotlight, spot, traffic light, traffic signal, stoplight, nematode, nematode worm, roundworm, monitor', 'church, church building, picket fence, paling, flagpole, flagstaff, window screen, library', 'vestment, cloak, abaya', 'valley, vale, worm fence, snake fence, snake-rail fence, Virginia fence, viaduct, mountain bike, all-terrain bike, off-roader, alp', 'snowplow, snowplough, alp, spotlight, spot, valley, vale, snowmobile', 'sliding door, wardrobe, closet, press, cash machine, cash dispenser, automated teller machine, automatic teller machine, automated teller, automatic teller, ATM', 'web site, website, internet site, site, church, church building, book jacket, dust cover, dust jacket, dust wrapper', 'patio, terrace, cinema, movie theater, movie theatre, movie house, picture palace, mobile home, manufactured home, window screen, restaurant, eating house, eating place, eatery', 'palace, library', 'church, church building', 'theater curtain, theatre curtain, tobacco shop, tobacconist shop, tobacconist, cash machine, cash dispenser, automated teller machine, automatic teller machine, automated teller, automatic teller, ATM, cinema, movie theater, movie theatre, movie house, picture palace', 'dome, beacon, lighthouse, beacon light, pharos, monastery, mosque, church, church building', 'mobile home, manufactured home, boathouse, picket fence, paling, window screen, sliding door', 'picket fence, paling, restaurant, eating house, eating place, eatery, patio, terrace, flagpole, flagstaff, window screen', 'doormat, welcome mat, sliding door, medicine chest, medicine cabinet', 'ping-pong ball, toilet tissue, toilet paper, bathroom tissue, golf ball, balloon, spotlight, spot', 'fountain, church, church building, stove, window shade, spotlight, spot']","{'church, church building': 79, 'cinema, movie theater, movie theatre, movie house, picture palace': 78, 'prison, prison house': 47, 'church, church building, bell cote, bell cot': 32, 'picket fence, paling': 28, 'palace, castle': 26, 'restaurant, eating house, eating place, eatery': 25, 'library': 25, 'street sign': 24, 'palace': 22}",5498
parse_text,10981,"['Ada witch - Sometimes you can see a misty blue figure floating within a 3-mile radius of the Ada Cemetery on 2 Mile between Egypt Valley and Honey Creek. The story of her origin is as follows: A man suspected his wife of having an affair, so he followed her late one night when she thought he was asleep. Sure enough, she went to a field near their property where she met her lover. The husband was enraged and killed his wife, which resulted in a struggle with the other man. Both men died from their injuries. It is said that late at night (especially during the night of and the nights preceding a full moon) people driving by the field can see her ghost, searching for her lover. Some people have reported stopping to try to communicate with her, but she always disappears or runs into the woods where she cannot be followed (due to the thick brambles that inhabit the area). She is said to dress in a long white gown which authorities say dates her to the turn of the 20th century. Usually she is seen alone, but sometimes witnesses report seeing a ghostly death scene re-enacted... Others report seeing nothing at all but hearing the killer\'s shouts of rage followed by the victims\' screams of agony... Although it is said she haunts the field on Honeycreek Road where she died, other witnesses have reported her in nearby Seidman Park, and in nearby Findlay Cemetery, where she is supposedly buried. This story was actually featured in the book ""Ghosts of Grand Rapids.""', ""A little girl was killed suddenly while waiting for a school bus by a speeding car. Since her death things have happened. The day of her funeral she started knocking on doors of the house she was born in.1 month later as her clothes were to be removed the doors in the home flew open with no reason. Cold spots now can be felt & knocking at the door is still present to this day in the home. Also when there swings in the yard you could see them swing real high as if someone was swinging on them. lights like to go on & off in this home & she does move things to let someone know she is there. The cemetery where this child lies has had alot of activity also. When you visit her grave she has a twirly that will start going around & round with no reason or wind blowing to let you know she is present. Some have said she has been spotted walking the cemetery very restless as if she doesn't realize she has passed on."", 'If you take Gorman Rd. west towards Sand Creek, you will come to a gravel road leading north. A mile or so up this road you will come to narrow one lane trestle bridge. The road goes under this. Legend has it that at one time there was a farm house built near the tracks. Late one night a fire broke out in the barn. While the father ran to the barn to try to get the horses out, his wife and young son went to the tracks to wave down one of the many trains that would use that right of way. They were too close to the tracks however and both were struck by the train as it went past. The father was killed in the barn. Now if you go out there late at night, you can sometimes communicate with the Father. He will not allow you to talk to his wife or son; as if he was protecting them . There are other people living in the area now, and a large streetlight has been placed there by the people who own the neighboring land. If you stay there to long, they will call the police. However if you make your visit short enough they will usually leave you to it. This place has also been described as a good place to go to contact other spirits. The Father can be asked to help in this matter. He will not allow antagonistic spirits to talk however; once again to protect his family.', ""In the 1970's, one room, room 211, in the old section of the dorms exhibited several phenomena. Don't know if this still continues today. The door into the room from the hallway, as well as the door into the bathroom, would open and shut on their own, the main door even if it had been locked. After closing, it would be locked again. There was also a spot on one wall (a wall that the room shared with a boarded up, no longer used laundry shaft) where two points of light would appear, shaped similar to eyes. Attempts were made to explain their appearance (they were visible any time it was dark in the room). They were screened off from the windows to see if they might be reflections, they weren't. When objects were placed between them and the windows they actually became brighter. We tried painting the walls, putting several coats of paint over them (thinking they may have been a joke of a previous resident, made with glow in the dark paint) - also having used sandpaper on the wall in that spot first before painting. They still appeared bright as ever after the painting. We tried covering them over by hanging a picture over them, but the picture kept falling down or moving. Last attempt to hang picture (it was a drawing on a piece of paper and simply taped to the wall) resulted in us waking up the next morning to find it taped to the ceiling over my bed. We finally moved a tall dresser in front of it and that seemed to take care of it. Reports from later residents told us that they had placed a mirror over it, and they had a rocker in the room. One night during a party, with several witnesses, the rocker began rocking on its own, then flew back and smashed the mirror. Have had no contact with the school since graduation, so don't know if these things still happen or not."", 'Kappa Delta Sorority - The Kappa Delta Sorority is haunted by an entity simply known as \'P\'. It is said she was a sister there who died in a car accident. Current sisters there have reported hearing giggling and running around coming from the upstairs floor while they are in the basement. At one time a sister called out to ""P"" and received a ""hello"" in reply.', 'A mysterious lady in white has been spotted in this cemetery.', ""On a winding dirt road next to the Rogue River called Friske, there is a small turn-around for no particular reason. On this turn-around, there is a trail that leads off a ways into the woods. If you follow the trail, it leads to an old iron bridge called Hell's Bridge. It is said that if you are sitting or standing on the bridge at midnight you can hear the devil laughing. The reason is, in the 1800's, when Algoma didn't really exist and Rockford was known as Laphamville, a man named Elias Friske murdered several children and claimed a demon made him do it. Later the bodies were found in the part of the river where the bridge is now. Sometimes you can also hear the children crying, @r the noise of splashing water where their bodies were thrown. Some fishermen in the early morning have reported seeing a strange figure near the bridge..."", ""Morrow Road is a Haunted road in Algonac Michigan near Harsens Island. In the 1800's a woman lost here child on that road and is still looking for her today. At night people see strange glowing orbs floating down the road and through the woods. Some see the lady walking by the side of the road in an 1800's dress covered in blood. Still others have reported seeing her hanging from a tree by a noose. The road has been on the popular show Unsolved Mysteries as well as several local news channels. Now there is a movie being made about the road. the story behind the road is a woman went out in the middle of the night to find her toddler that had somehow got out alone in the winter they both froze to death, it is a fact that if you park on the bridge at midnight and honk your horn three times she will appear and see if you have her baby. She is also said to be wearing a white blood covered gown carrying her dead baby. Also a green light will chase people away.-  www.morrowroad.com"", 'People report hearing footsteps, and doors slamming where there are no doors, a small child\'s voice say ""Mama?""', 'Various ghostly activities. News coverage about these hauntings every year around Halloween time, on the local channels.', 'there have been notes of white dogs chasing cars that pull into the drive way. People have seen people hanging form trees and working in fields in old clothing. This motel is where Al Capone did some of his work and had meetings in a secret place in the tunnels. The motel was once painted blue but the next day it was back to yellow. - March 2007 update: was torn down and a tennis court was built over it.', 'Gamma Phi Beta House - Sisters that live in the ""pink"" room awoke one night to see a ghostly figure pacing back and forth between the closet door and the bedroom door. The sisters that stay in that room immediately started screaming, and the president came out of her room, opened the door and the ghost went past her. When she returned to her room everything that was hanging on the walls had fallen to the ground. Also, there are always strange things happening at the house. Things turn up missing or are moved. Strange noises can be heard throughout the night. Doors are always slamming, lights go dim, and many other strange things happen. The ""hauntings"" started shortly after the sisters of gamma phi beta remodeled the house...it\'s almost like it upset the ghost(s).', 'A few witnesses heard footsteps and saw heads in the windows before they were boarded up. next to the long lake chapel.', ""Story goes some time in the late 70s a student named Mary (last name never mentioned) who, while working on some lighting fixtures alone one day, fell from the catwalks head first and died upon the stage. Sightings include actors and stagehands seeing a girl up in the catwalks wearing a light pink dress. Also, in the prop room where all the senior thespians spray paint their names on the wall shortly after Mary's death her name appeared in bold red paint above the doorway about seventeen feet from the floor and upside down."", 'Mercywood was a mental hospital before closing down. security guards heard the elevators moving when the building was empty. Sounds would come from the boiler room. In the basement were personal belongings of the inmates. There was also a bowling alley and bumper pool tables in the basement. There were insane rambling written on the walls in some of the rooms. Behind the hospital there was a convent where the nuns lived that worked in the hospital and even to go in there was a very uneasy feeling. It is like you can feel the insanity that surrounded the place. Also an evil feeling. They have since torn down the old hospital but something has been built there recently. It is on Jackson Ave. in Ann Arbor a little way down from the cemetery next to I-94 on the right side if you are going west.', ""Before the building was turned into a Tribal Center, it used to be a Catholic Orphanage. People have sighted apparitions of little kids, nuns and priests, and have also had encounters with objects dropping or moving, and other various sounds through out the building. This entire piece of land still has a church that's active, and other inactive buildings that date back to the early 1800's."", 'The old cabin located on Camp 8 road is haunted by three young ghosts all sisters died during the flu epidemic in the upstairs bedroom. Reports of crying and screaming have been herd throughout the house. And pictures taken by visitors have shown more than just the three ghosts. Young children, orbs and a demon have also shown up in this film. - March 2008 Update: This is private property. No Trespassing.', ""Hotel now owned by Michigan State University.\xa0 Originally the Upjohn Family (of Upjohn Pharmaceauticals - since bought by Pharmacia and later Pfizer) summer residence.\xa0 Dr. Upjohn died in the Doctor's Cottage - a beautiful, upscale large cottage on the edge of the creek, surrounded by his japanese garden. Guests in staying in the cottage have told staff they hear footsteps and no one is there.\xa0 It's not uncommon for guests staying in the Doctor's Cottage to go to the front desk during the night to request to be moved to another room due to the strange noises and feelings of uneasiness. Hotel staff have said they hear the piano playing when alone in the Doctor's cottage, closing up after events- and yet they are the only people there. Guests staying in the carriage house have reported hearing piano music during the night - but the only piano currently on property is too far away to be heard there."", 'Reports of strange occurrences happened only in the East side building, usually in apartments 1-4, and 8. Closet doors would open, even when closed securely and if the closet door was closed, you can sometimes hear the coat hangers (even if immobilized in some way)tap against each other, despite the total lack of breezes or heat updrafts. Other strange happenings included: Heavy footsteps and yelling in vacant upper apartments, the feeling of an unpleasant presence, cold spots (in only one upper apartment), the feeling of being ""touched"" or ""groped"", knocking on doors, dishes being broken and pans thrown (but still intact and unmoved when you check them) and flickering lights. The buildings are about 100 years old, but no one has made any connections of deaths or tragedies to these ""hauntings"".', 'when people drive by sometimes they see a white ball run across the into a marble headstone.']","{'It is believed that Carroll High School is cursed and haunted. Every year a junior student dies surprisingly, and eventually the student comes back to haunt and be known. One example,(not mentioning the name), a girl who died, came back to be remembered. A day after her death, in class, a boy took her original seat and fell off. To everyone\'s surprise, they asked him if he was alright. He then replied, in a shocked look, ""No, not really."" The teacher asked why. He replied back ""I didn\'t fall, I was pushed.""': 2, 'October 2007 - Has been removed.': 2, 'Students have reported lights along the pathway near the Main House (administration building) turning off and on late at night as they walk by. For example, as a person approaches a light it goes out, then back on once the person has gone by it. An eerie feeling of being watched in this location has also been noted, as well as unexplained isolated mists in the surrounding wooded area.': 2, 'Apparitions seen.': 2, 'Ghost lights appear from time to time. A woman\'s voice saying ""Te papa"" near the Sacramento River. Sight was probably an Indian Burial Ground or Mine Shafts.': 2, 'You can here a woman screaming for her baby that killed by a train. Every time a train goes by you can see her by the side of the tracks.': 1, 'A man fell from this railroad bridge and was killed when this bridge was first built. A light can be seen from the bridge late at night. It looks like an old lantern light. Moans can be heard from the top of the bridge, but no one is there.': 1, 'If you go to the trestle in Saint Paul you will hear a crying sound. Then if you flash your lights at it 3 times you can see three friends who died there. The story goes that all these friends were walking across the trestle and they fell. It was around 3:00 in the morning when they fell.': 1, 'There are many stories that deal with murder about this bridge that lies out in the country in this small town. There have been sightings of a ""headless man"" walking around looking for his head that had once been severed. He had been a bum that feel out of a train and got ran over.': 1, 'Antioch Cemetery - Reparts of seeing a man dressed in a dark colored suit with flowers in his hands looking down at the grave on foggy nights around 1:30a.m. Witnesses also see shadows of people flashing past and over their vehicle accompanied by scratching & tapings heard.': 1}",10986
Geographic_LATITUDE,809,"[42.43595, -38.2, 18.35, 47.50438, 51.49889, 44.25029, 45.07808, 18.3419, 43.1752, 34.74648, 45.59549, 35.8546, 60.10867, 44.76238, 41.3981, 37.32228, 18.39662, 43.2614, 40.81944, 41.58333]","{47.50012: 17, 40.76078: 13, -42.0: 10, 16.83333: 10, 34.74648: 10, 29.52749: 9, 41.83691: 9, 40.25034: 8, 39.20145: 7, 38.0: 7}",1196
Geographic_LONGITUDE,810,"[-123.172, 146.33333, -77.26667, 7.70444, -0.14216, -85.50033, -85.27884, -64.9307, -84.10738, -92.28959, -110.91078, -77.05551, -113.64258, -69.31131, -82.54906, -84.92837, -76.92063, -86.24812, -93.96245, 32.5]","{-120.50147: 17, -111.89105: 13, -92.28959: 10, -88.46667: 10, 174.0: 10, -95.77089: 9, -87.68475: 9, -83.00018: 8, -115.99386: 7, 46.75: 7}",1196
Geographic_NAME,815,"['Rogue River', 'Haunted Hills', 'Parish of Saint Ann', 'Kanton Basel-Landschaft', 'The Other Palace', 'Michigan', 'Township of Central Lake', 'Charlotte Amalie', 'Township of Chesaning', 'Little Rock', 'Shoefelt Gulch', 'Williamston', 'Canada', 'Town of Detroit', 'Huron River', 'Casey County', 'Mason Hall', 'Muskegon River', 'Grand River', 'Bartn']","{'Washington': 17, 'Salt Lake City': 13, 'New Zealand': 10, 'Stann Creek District': 10, 'Little Rock': 10, 'City of Chicago': 9, 'Fort Bend County': 9, 'Ohio': 8, 'Michigan': 7, 'East Main Street Historic District': 7}",1196
Optional_LATITUDE1,195,"[43.0125, 42.58948, 52.48142, -31.0, 44.00719, 42.96336, 47.91569, 60.10867, 41.58333, 42.48948, 44.76238, 33.39838, 42.24637, 45.75746, 40.28519, -39.63333, 42.5084, 41.04454, 39.91681, -42.0]","{37.25022: 7, 44.76238: 3, 40.00032: 3, 31.25044: 3, 43.0389: 3, 40.73204: 2, 34.31763: 2, 39.03452: 2, 24.0: 2, 46.55128: 2}",228
Optional_LONGITUDE1,195,"[-85.50056, -82.58852, -1.89983, -61.0, -90.56569, -85.66809, -117.49825, -113.64258, 32.5, -83.14465, -69.31131, -86.6513, -83.62235, -92.96243, -76.83809, 176.85, -83.15387, -73.51957, -75.3989, 174.0]","{-119.75126: 7, -69.31131: 3, -89.25037: 3, -99.25061: 3, -87.90647: 3, -75.05156: 2, -92.94601: 2, -121.69484: 2, 88.0: 2, -123.77886: 2}",228
Optional_NAME1,195,"['Egypt Valley Country Club', 'Harsens Island', 'Birmingham', 'Santa Fe Province', 'Tunnel City', 'Grand Rapids', 'Monroe Road Bridge', 'Canada', 'Bartn', 'Royal Oak', 'Town of Detroit', 'Highland Lakes', 'Eastern Michigan College Historical Marker', 'Rock Creek', 'Susquehanna Township Emergency Medical Services', 'Hastings District', 'City of Royal Oak', 'Cummings Park', 'Delaware County', 'New Zealand']","{'California': 7, 'Town of Detroit': 3, 'Illinois': 3, 'Texas': 3, 'Milwaukee': 3, 'Broadway': 2, 'Hot Spring County': 2, 'Sutter County': 2, 'West Bengal': 2, 'Pacific County': 2}",228
Optional_LATITUDE2,54,"[39.52224, 43.16512, 40.43981, 41.54764, 40.8, 44.49493, 37.58049, 44.62373, 49.25014, 45.43713, 39.53316, 7.13333, 8.85077, 44.25029, 16.83333, 38.0, 44.90319, 38.50029, 43.00035, 39.20145]","{7.13333: 2, 44.25029: 2, 40.43981: 1, 41.54764: 1, 39.52224: 1, 43.16512: 1, 44.49493: 1, 40.8: 1, 37.58049: 1, 44.62373: 1}",56
Optional_LONGITUDE2,54,"[-88.74101, -77.63626, -76.5983, -72.65488, -77.7, -68.84354, -121.96524, -124.06317, -84.49983, 12.33265, -77.31471, -11.05, 117.81615, -85.50033, -88.46667, 46.75, -122.58473, -98.50063, -75.4999, -83.60964]","{-11.05: 2, -85.50033: 2, -76.5983: 1, -72.65488: 1, -88.74101: 1, -77.63626: 1, -68.84354: 1, -77.7: 1, -121.96524: 1, -124.06317: 1}",56
Optional_NAME2,54,"['Findlay Cemetery', 'Monroe County', 'Fort Indiantown Gap', 'Town of Middletown', 'Pennsylvania', 'Town of Stockton Springs', 'Niles Canyon', 'Yaquina Bay State Recreation Site', 'Ontario', 'Venice', 'Woodsboro', 'Grand Cape Mount County', ""Brooke'S Point"", 'Michigan', 'Stann Creek District', 'East Azerbaijan Province', 'Marion County', 'Kansas', 'New York', 'East Main Street Historic District']","{'Grand Cape Mount County': 2, 'Michigan': 2, 'Fort Indiantown Gap': 1, 'Town of Middletown': 1, 'Findlay Cemetery': 1, 'Monroe County': 1, 'Town of Stockton Springs': 1, 'Pennsylvania': 1, 'Niles Canyon': 1, 'Yaquina Bay State Recreation Site': 1}",56
